year,geo,gender,Werkgelegenheidscijfer,housing,Leeftijdsverwachting,population,Armoedecijfer,Universitair onderwijs
2007,Belgium,Total,64.5,46.8,79.9,10584534,7,31.4
2007,Belgium,Males,68.8,52.3,77.1,5181408,6,26.1
2007,Belgium,Females,60.2,41.4,82.6,5403126,7.9,36.8
2007,Bulgaria,Total,59.4,64.4,73,7572673,58.1,14.5
2007,Bulgaria,Males,65.6,80,69.5,3686579,60.4,11
2007,Bulgaria,Females,52.9,48,76.6,3886094,55.7,18.3
2007,Czech Republic,Total,63.8,61.9,77,10254233,7.2,11.6
2007,Czech Republic,Males,74.1,70.8,73.8,5010595,7.7,9.6
2007,Czech Republic,Females,52.9,52.6,80.2,5243638,6.8,13.7
2007,Denmark,Total,78.2,12.3,78.4,5447084,5.9,19.9
2007,Denmark,Males,82,16.9,76.2,2696662,5.1,17.1
2007,Denmark,Females,74.3,7.6,80.6,2750422,6.6,22.8
2007,Germany (until 1990 former territory of the FRG),Total,68.1,47,80.1,82314906,6.9,11.4
2007,Germany (until 1990 former territory of the FRG),Males,71.3,57.3,77.4,40301166,5.6,9.5
2007,Germany (until 1990 former territory of the FRG),Females,64.9,35.5,82.7,42013740,8.2,13.3
2007,Estonia,Total,68.5,49.9,73.2,1342920,4.3,24.1
2007,Estonia,Males,78.4,55.9,67.5,62426,5.1,17.8
2007,Estonia,Females,58.2,43.9,78.9,71866,3.4,30.7
2007,Ireland,Total,77,57,79.7,4340118,4.1,36.2
2007,Ireland,Males,81.2,64.8,77.3,2172790,2.4,29.6
2007,Ireland,Females,72.9,49.3,82.1,2167328,5.7,42.8
2007,Greece,Total,57.7,68,79.7,11036008,11.5,20
2007,Greece,Males,65.9,75.8,76.9,5442245,11.6,16
2007,Greece,Females,48.9,60.1,82.5,5593763,11.3,24.3
2007,Spain,Total,69.4,67.7,81.1,44784666,4.1,31.4
2007,Spain,Males,75,71.7,77.9,22118976,4,26.7
2007,Spain,Females,63.5,63.3,84.4,22665690,4.3,36.3
2007,France,Total,64.5,29.6,81.3,63645065,5.9,34.6
2007,France,Males,69,34,77.6,30803233,5.8,29.9
2007,France,Females,60.2,25.4,84.8,32841832,5.9,39.2
2007,Italy,Total,53.5,73.9,81.6,58223744,8,13.6
2007,Italy,Males,61.9,80.2,78.8,28212234,8,10.2
2007,Italy,Females,45.1,67.4,84.2,30011510,8,17.1
2007,Cyprus,Total,74.8,68.1,79.8,757916,14,38.5
2007,Cyprus,Males,78.9,77.4,77.6,371514,14.9,26.7
2007,Cyprus,Females,70.9,58.9,82.1,386402,13.1,49.6
2007,Latvia,Total,70.1,63,70.8,2208840,20.6,18.4
2007,Latvia,Males,79.1,69.5,65.3,1013791,20.8,14.8
2007,Latvia,Females,60.9,56.5,76.2,1195049,20.5,22.1
2007,Lithuania,Total,62.1,62.2,70.7,3249983,15.5,27.1
2007,Lithuania,Males,68.6,69.6,64.5,1506794,14.6,22.2
2007,Lithuania,Females,55.8,54.9,77.2,1743189,16.4,32
2007,Luxembourg,Total,61.1,56.8,79.5,476187,0.8,23.4
2007,Luxembourg,Males,64.6,63.8,76.7,235792,0.8,19.2
2007,Luxembourg,Females,57.5,50,82.2,240395,0.8,27.6
2007,Hungary,Total,56,59.5,73.6,10066158,18.4,15.7
2007,Hungary,Males,64.4,68.8,69.4,4779078,19.7,12.4
2007,Hungary,Females,47.3,50.4,77.8,5287080,17.2,19.1
2007,Malta,Total,75,77.2,79.9,405616,4.4,20.5
2007,Malta,Males,81.2,83.6,77.5,201519,3.1,17.2
2007,Malta,Females,68.5,70.4,82.2,204097,5.8,24
2007,Netherlands,Total,83.6,37.2,80.4,16357992,2.2,26.2
2007,Netherlands,Males,86.6,46.1,78.1,8088514,1.9,22.1
2007,Netherlands,Females,80.6,28.2,82.5,8269478,2.6,30.3
2007,Austria,Total,73.9,54.1,80.3,8282984,3.7,10.1
2007,Austria,Males,78.3,61.1,77.4,4030062,3.3,9.1
2007,Austria,Females,69.6,47,83.1,4252922,4.2,11
2007,Poland,Total,58.6,67.4,75.4,38125479,22.2,20.8
2007,Poland,Males,65.2,74.8,71,18426775,22.5,15.6
2007,Poland,Females,52.1,59.8,79.8,19698704,21.8,26
2007,Portugal,Total,66.4,71.9,79.3,10532588,9,16.3
2007,Portugal,Males,71.3,77,75.9,5064395,7.5,10.4
2007,Portugal,Females,61.5,66.5,82.5,5468193,10.5,22.2
2007,Romania,Total,54.7,63.9,73.1,21130503,33.5,11.9
2007,Romania,Males,59,77.2,69.5,10289996,33.2,10.4
2007,Romania,Females,50.1,50.5,76.8,10840507,33.7,13.6
2007,Slovenia,Total,68.5,81.9,78.4,2010377,5,16.6
2007,Slovenia,Males,73.9,87.2,74.6,986982,5.2,10.7
2007,Slovenia,Females,62.7,76.3,82,1023395,4.8,23
2007,Slovakia,Total,60.7,81.2,74.6,5373180,11.5,12.9
2007,Slovakia,Males,70,86.4,70.6,2610655,10.9,10.8
2007,Slovakia,Females,51,75.5,78.4,2762525,12.1,15.1
2007,Finland,Total,71.3,18.2,79.6,5276955,5.3,17.7
2007,Finland,Males,75.8,25.8,76,2583742,4.5,13
2007,Finland,Females,66.8,10.3,83.1,2693213,6.2,22.4
2007,Sweden,Total,71.8,18.5,81.1,9113257,2.7,25.8
2007,Sweden,Males,75.1,21.7,79,4523523,3.1,21.5
2007,Sweden,Females,68.3,15.2,83.1,4589734,2.2,30.2
2007,United Kingdom,Total,74.7,38.4,79.7,61073279,5.7,30.1
2007,United Kingdom,Males,80.5,46,77.6,29894834,4,28.6
2007,United Kingdom,Females,69,31.1,81.8,31178445,7.3,31.5
2007,Iceland,Total,81.4,33.4,81.5,307672,2.4,16.4
2007,Iceland,Males,86.4,40.5,79.6,156576,1.6,12.8
2007,Iceland,Females,75.9,25.8,83.4,151096,3.4,20.4
2007,Norway,Total,77.2,18.2,80.6,4681134,4.7,27.4
2007,Norway,Males,78.9,23,78.3,2325788,4.2,21.2
2007,Norway,Females,75.3,13.1,82.9,2355346,5.2,33.8
2007,Switzerland,Total,80.3,44.3,82,7508739,3.5,20.8
2007,Switzerland,Males,83.9,54.6,79.5,3679359,3.8,20.6
2007,Switzerland,Females,76.5,34,84.4,3829380,3.1,21
2008,Belgium,Total,64.5,47.5,79.8,10666866,7.5,32.3
2008,Belgium,Males,68.3,55,76.9,5224309,6.1,26.3
2008,Belgium,Females,60.7,40.2,82.6,5442557,8.8,38.4
2008,Bulgaria,Total,61.9,67.2,73.3,7518002,35.5,14.8
2008,Bulgaria,Males,69.3,80.9,69.8,3660367,34.7,11.8
2008,Bulgaria,Females,53.9,53.2,77,3857635,36.4,18.1
2008,Czech Republic,Total,63.1,64.7,77.3,10343422,7.1,13.5
2008,Czech Republic,Males,72.7,72.6,74.1,5065117,6.7,11
2008,Czech Republic,Females,52.8,56.4,80.5,5278305,7.5,16.2
2008,Denmark,Total,78.8,9.8,78.8,5475791,2.8,19.1
2008,Denmark,Males,81.6,14.1,76.5,2712666,1.6,15.7
2008,Denmark,Females,76,5.4,81,2763125,4,22.6
2008,Germany (until 1990 former territory of the FRG),Total,69.5,46.1,80.2,82217837,7.6,12.4
2008,Germany (until 1990 former territory of the FRG),Males,72.6,56.1,77.6,40274292,6.8,10.5
2008,Germany (until 1990 former territory of the FRG),Females,66.3,35.7,82.7,41943545,8.3,14.4
2008,Estonia,Total,69.8,48,74.4,1338440,3.4,24.3
2008,Estonia,Males,79.9,53.5,68.9,62205,3.7,19.2
2008,Estonia,Females,59.5,42.4,79.5,71639,3,29.6
2008,Ireland,Total,73.2,57.8,80.2,4457765,5.9,36.1
2008,Ireland,Males,75.9,66.5,77.9,2226754,3.9,29
2008,Ireland,Females,70.6,48.8,82.4,2231011,8,43.1
2008,Greece,Total,58,67.1,80.2,11060937,11.8,21
2008,Greece,Males,65.8,76,77.5,5447947,10.7,16.5
2008,Greece,Females,49.8,58.2,83,5612990,13,25.7
2008,Spain,Total,66.2,65.2,81.5,45668939,4.3,31.1
2008,Spain,Males,69.5,68.7,78.3,22591483,3.9,26.1
2008,Spain,Females,62.7,61.5,84.6,23077456,4.7,36.3
2008,France,Total,65.2,34.3,81.4,64007193,6.6,34
2008,France,Males,69.9,38.6,77.8,30980230,6.4,29.3
2008,France,Females,60.7,29.9,84.8,33026963,6.8,38.5
2008,Italy,Total,53.4,72.8,81.7,58652875,9.3,14.3
2008,Italy,Males,61.6,78.8,78.9,28411242,10.1,10.9
2008,Italy,Females,45.1,66.7,84.2,30241633,8.4,17.7
2008,Cyprus,Total,74.1,60.7,80.6,776333,8.6,40.1
2008,Cyprus,Males,75.4,70.2,78.2,380458,9.4,28.1
2008,Cyprus,Females,72.9,51.3,82.9,395875,7.8,51.2
2008,Latvia,Total,71,62.6,72.1,2191810,14.4,21.3
2008,Latvia,Males,78.4,68.8,66.5,1007041,14.7,16.1
2008,Latvia,Females,63.3,56.4,77.5,1184769,14.1,26.7
2008,Lithuania,Total,61.8,59.1,71.7,3212605,12.6,28.8
2008,Lithuania,Males,67,68,65.9,1487419,9.9,23.6
2008,Lithuania,Females,56.4,51,77.6,1725186,15.2,34
2008,Luxembourg,Total,59.5,58.2,80.7,483799,0.5,24.9
2008,Luxembourg,Males,61.6,66.5,78.1,239607,0.2,21.4
2008,Luxembourg,Females,57.4,49.7,83.1,244192,0.7,28.4
2008,Hungary,Total,54.8,61.6,74.2,10045401,18.9,16.7
2008,Hungary,Males,62.6,71.1,70,4769562,19,13.3
2008,Hungary,Females,46.9,51.9,78.3,5275839,18.7,20.1
2008,Malta,Total,76.1,81.2,79.7,407832,3.9,19.8
2008,Malta,Males,82.3,87.5,77.1,202734,3.8,17.9
2008,Malta,Females,69.5,74.4,82.3,205098,4.1,21.8
2008,Netherlands,Total,83.5,37.1,80.5,16405399,1.8,27.5
2008,Netherlands,Males,86,46.8,78.4,8112073,1.9,23.6
2008,Netherlands,Females,81,27.3,82.5,8293326,1.7,31.5
2008,Austria,Total,74.6,52.7,80.6,8307989,7.2,10.3
2008,Austria,Males,78.7,60.5,77.7,4042489,7.2,9.1
2008,Austria,Females,70.5,44.2,83.3,4265500,7.1,11.4
2008,Poland,Total,62,67.7,75.6,38115641,16.7,22.3
2008,Poland,Males,69.4,74.3,71.3,18411501,17.1,16.6
2008,Poland,Females,54.6,61,80,19704140,16.3,28
2008,Portugal,Total,67.7,75,79.5,10553339,9.6,17.9
2008,Portugal,Males,72.3,79.7,76.2,5069747,9.5,11.4
2008,Portugal,Females,63.2,70.1,82.7,5483592,9.6,24.5
2008,Romania,Total,53.8,66.9,73.5,20635460,30.4,13.2
2008,Romania,Males,58.5,79.5,69.7,10049194,31.7,11.5
2008,Romania,Females,48.9,53.9,77.5,10586266,29,15
2008,Slovenia,Total,69.5,82.7,79.1,2010269,6.8,16.8
2008,Slovenia,Males,73.8,88.1,75.5,986533,7.5,11.2
2008,Slovenia,Females,64.8,77,82.6,1023736,6,23.1
2008,Slovakia,Total,60.2,79.2,74.9,5376064,11.2,14
2008,Slovakia,Males,69.9,83.8,70.9,2613688,11.8,11.6
2008,Slovakia,Females,50.2,74.3,79,2762376,10.5,16.5
2008,Finland,Total,72.4,17.9,79.9,5300484,5.4,17.6
2008,Finland,Males,76.8,25.1,76.5,2596787,4.7,12.8
2008,Finland,Females,68,10.4,83.3,2703697,6.2,22.4
2008,Sweden,Total,71.9,20,81.3,9182927,1.5,26.1
2008,Sweden,Males,75.7,23.3,79.2,4563921,1.2,22.1
2008,Sweden,Females,68,16.5,83.3,4619006,1.8,30.2
2008,United Kingdom,Total,74,41.7,79.8,61571647,7.7,30.4
2008,United Kingdom,Males,79.3,50.3,77.7,30164349,6.6,28.5
2008,United Kingdom,Females,68.8,33.5,81.8,31407298,8.7,32.3
2008,Iceland,Total,79.1,35,81.6,315459,1.8,16.1
2008,Iceland,Males,83.6,42.1,80,160896,2.1,11.4
2008,Iceland,Females,74.2,27.5,83.3,154563,1.5,21.4
2008,Norway,Total,78.3,15.1,80.8,4737171,4.5,27
2008,Norway,Males,79.7,18.3,78.4,2359690,4.8,21.1
2008,Norway,Females,76.9,11.9,83.2,2377481,4.2,33.1
2008,Switzerland,Total,80.7,48.3,82.3,7593494,2.8,22.6
2008,Switzerland,Males,81.8,58.5,79.8,3727014,2.8,21.7
2008,Switzerland,Females,79.6,37.8,84.6,3866480,2.9,23.5
2009,Belgium,Total,61.8,49.4,80.2,10753080,6.6,33.5
2009,Belgium,Males,65.2,56.7,77.4,5268651,6.5,28
2009,Belgium,Females,58.5,42.3,82.8,5484429,6.6,39.1
2009,Bulgaria,Total,57.8,69.6,73.7,7467119,36.6,15.4
2009,Bulgaria,Males,64.8,83,70.2,3635855,35.6,10.6
2009,Bulgaria,Females,50.2,55.4,77.4,3831264,37.7,20.8
2009,Czech Republic,Total,60.1,66.2,77.4,10425783,6.3,15.6
2009,Czech Republic,Males,69.6,74.5,74.3,5116678,6.4,12.9
2009,Czech Republic,Females,49.8,58.1,80.5,5309105,6.2,18.5
2009,Denmark,Total,74.5,12.9,79,5511451,4.8,18.8
2009,Denmark,Males,74.7,17.2,76.9,2732020,5,14.3
2009,Denmark,Females,74.2,8.6,81.1,2779431,4.6,23.6
2009,Germany (until 1990 former territory of the FRG),Total,68.8,48,80.3,82002356,7.6,13.4
2009,Germany (until 1990 former territory of the FRG),Males,70.9,58.2,77.8,40184283,6.5,11.4
2009,Germany (until 1990 former territory of the FRG),Females,66.6,37.6,82.8,41818073,8.5,15.6
2009,Estonia,Total,59.2,47.7,75.3,1335740,5.8,25.1
2009,Estonia,Males,64.6,55.3,70,62132,5.4,16.7
2009,Estonia,Females,53.7,40.1,80.3,71442,6.3,33.8
2009,Ireland,Total,64.6,54.4,80.2,4521322,7.9,37.1
2009,Ireland,Males,63,60.7,77.8,2252658,5.8,30.8
2009,Ireland,Females,66.1,47.8,82.7,2268664,10.1,43.2
2009,Greece,Total,57.3,66.8,80.4,11094745,11,21.6
2009,Greece,Males,64.5,75.9,77.5,5456095,8.5,16.5
2009,Greece,Females,49.7,56.8,83.3,5638650,13.7,27.1
2009,Spain,Total,57.7,65.7,81.9,46239273,4.8,30.2
2009,Spain,Males,58.7,71.4,78.8,22880534,4.2,25.2
2009,Spain,Females,56.6,59.7,85,23358739,5.5,35.4
2009,France,Total,63.7,36.3,81.5,64350226,7,34.7
2009,France,Males,67.4,42.2,78,31147979,7,30.5
2009,France,Females,60.2,30.5,85,33202247,7,38.8
2009,Italy,Total,49.9,73,81.8,59000586,9.5,14.7
2009,Italy,Males,57.3,77.8,79.1,28570007,9.5,11.2
2009,Italy,Females,42.3,68.1,84.3,30430579,9.5,18.3
2009,Cyprus,Total,71.9,66.5,81,79693,11.8,41.3
2009,Cyprus,Males,72.8,76.3,78.5,389926,12.9,28.7
2009,Cyprus,Females,71,56.6,83.5,407004,10.7,53
2009,Latvia,Total,57.2,60.8,72.8,2162834,20,21
2009,Latvia,Males,60.2,67.9,67.5,992648,19.7,15.4
2009,Latvia,Females,54.2,53.5,77.7,1170186,20.4,26.7
2009,Lithuania,Total,55.9,62,72.9,3183856,13.5,29.1
2009,Lithuania,Males,55.9,68.2,67.1,1473352,14.2,23.9
2009,Lithuania,Females,55.9,55.7,78.7,1710504,12.9,34.3
2009,Luxembourg,Total,63.2,57.5,80.8,4935,1,30.2
2009,Luxembourg,Males,65.7,65.8,78.1,244835,0.4,25.6
2009,Luxembourg,Females,60.7,49.2,83.3,248665,1.6,34.8
2009,Hungary,Total,51.2,68.4,74.4,10030975,22.2,16.9
2009,Hungary,Males,57.1,76.3,70.3,4763050,22.9,13.9
2009,Hungary,Females,45,60.2,78.4,5267925,21.4,19.9
2009,Malta,Total,73.3,80.7,80.4,410926,3.1,19.8
2009,Malta,Males,79.6,86,77.9,204607,3,16
2009,Malta,Females,66.7,74.9,82.7,206319,3.1,23.8
2009,Netherlands,Total,82.4,36.4,80.9,16485787,1.5,27.9
2009,Netherlands,Males,83.7,43.7,78.7,8156396,2,24.1
2009,Netherlands,Females,80.9,29,82.9,8329391,0.9,31.7
2009,Austria,Total,73.7,52.9,80.5,8335003,4.8,11.9
2009,Austria,Males,76.5,61.4,77.6,4056935,4.5,10.1
2009,Austria,Females,71,44.1,83.2,4278068,5.2,13.6
2009,Poland,Total,61.5,67.6,75.9,38135876,13.9,25.2
2009,Poland,Males,68.9,74.7,71.5,18414926,14.2,18.5
2009,Poland,Females,54,60.8,80.1,19720950,13.6,31.9
2009,Portugal,Total,65.1,73.8,79.7,10563014,8.6,19
2009,Portugal,Males,67.1,78,76.5,5066239,9,13.3
2009,Portugal,Females,63,69.5,82.8,5496775,8.3,24.7
2009,Romania,Total,51.7,69.6,73.7,20440290,30.3,14.1
2009,Romania,Males,56.1,81.7,69.8,9951873,32.3,11.9
2009,Romania,Females,47,57.4,77.7,10488417,28.2,16.5
2009,Slovenia,Total,64.7,81.8,79.4,2032362,5.8,16.6
2009,Slovenia,Males,68.9,87.5,75.9,1003945,6.2,10.6
2009,Slovenia,Females,60.1,75.4,82.7,1028417,5.4,23.3
2009,Slovakia,Total,55.7,79.6,75.3,5382401,11.6,16.4
2009,Slovakia,Males,64.5,84.7,71.4,2618337,11.4,13.4
2009,Slovakia,Females,46.6,73.8,79.1,2764064,11.9,19.5
2009,Finland,Total,67.3,15.8,80.1,5326314,4.5,19.2
2009,Finland,Males,69.4,22.9,76.6,2611653,4.1,13.3
2009,Finland,Females,65.2,8.4,83.5,2714661,5,25.4
2009,Sweden,Total,67.2,19.8,81.5,9256347,1.5,26.3
2009,Sweden,Males,69.6,22.8,79.4,4603710,1.9,22.3
2009,Sweden,Females,64.7,16.6,83.5,4652637,1.2,30.4
2009,United Kingdom,Total,70.9,42.3,80.4,62042343,4.3,31.5
2009,United Kingdom,Males,74.8,52.7,78.3,30416523,4.7,29.4
2009,United Kingdom,Females,67.2,32.5,82.4,31625820,3.9,33.6
2009,Iceland,Total,69.6,34.3,81.8,319368,1.5,17
2009,Iceland,Males,71.1,40.7,79.8,162068,1.3,13.4
2009,Iceland,Females,67.9,27.4,83.8,1573,1.8,20.9
2009,Norway,Total,75.2,15.4,81,4799252,4.9,26.4
2009,Norway,Males,76.8,18.1,78.7,2395053,5.3,20.3
2009,Norway,Females,73.7,12.5,83.2,2404199,4.6,32.7
2009,Switzerland,Total,77.9,50.1,82.3,7701856,3.3,22.4
2009,Switzerland,Males,79.2,57.9,79.9,3786675,3.7,22.3
2009,Switzerland,Females,76.5,42,84.6,3915181,2.8,22.6
2010,Belgium,Total,61,47.2,80.3,10839905,6.4,33.2
2010,Belgium,Males,64.3,52.8,77.5,5312221,6.4,27.8
2010,Belgium,Females,57.7,42.1,83,5527684,6.4,38.5
2010,Bulgaria,Total,54.1,72.4,73.8,7421766,41.2,16.3
2010,Bulgaria,Males,59.2,85.1,70.3,3613958,40.7,11.1
2010,Bulgaria,Females,48.7,58.9,77.4,3807808,41.8,21.9
2010,Czech Republic,Total,58.4,63.7,77.7,10462088,6.4,16.8
2010,Czech Republic,Males,67.8,73,74.5,5136166,5.8,13.8
2010,Czech Republic,Females,48.4,54.4,80.9,5325922,7,20.1
2010,Denmark,Total,70.3,14.2,79.3,5534738,4.7,19
2010,Denmark,Males,71.1,20.2,77.2,2743286,3.1,14.3
2010,Denmark,Females,69.5,8.4,81.4,2791452,6.3,24
2010,Germany (until 1990 former territory of the FRG),Total,69.5,47.6,80.5,81802257,6.2,13.7
2010,Germany (until 1990 former territory of the FRG),Males,71.9,56.6,78,40103606,5.9,11.7
2010,Germany (until 1990 former territory of the FRG),Females,67.1,38.3,83,41698651,6.4,15.8
2010,Estonia,Total,56.2,47.3,76,1333290,8.7,25.2
2010,Estonia,Males,61.1,53.7,70.9,6208,9.4,16.5
2010,Estonia,Females,51.1,40.8,80.8,71249,8,34.2
2010,Ireland,Total,60.2,54.9,80.8,4549428,7.4,36.6
2010,Ireland,Males,58.5,64.6,78.5,2260974,6.1,30.1
2010,Ireland,Females,61.9,44.5,83.1,2288454,8.8,42.9
2010,Greece,Total,53.5,68.3,80.6,11119289,14.2,22.5
2010,Greece,Males,61.1,78.7,78,5460865,12.8,16.6
2010,Greece,Females,45.8,57.9,83.3,5658424,15.7,28.4
2010,Spain,Total,54.7,65.2,82.4,46486619,5.9,30.8
2010,Spain,Males,55.2,70.5,79.2,22982272,5.3,24.9
2010,Spain,Females,54.2,59.9,85.5,23504347,6.5,36.9
2010,France,Total,63.1,37.2,81.8,64658856,6.5,34.1
2010,France,Males,67,43.1,78.2,31301764,6.3,30
2010,France,Females,59.2,31.4,85.3,33357092,6.7,38.2
2010,Italy,Total,47.5,72.6,82.2,59190143,8.1,14.3
2010,Italy,Males,54.5,78.3,79.5,28649385,7.6,11.1
2010,Italy,Females,40.5,66.8,84.7,30540758,8.6,17.6
2010,Cyprus,Total,70.6,63,81.5,81914,14.2,42.3
2010,Cyprus,Males,71.2,70.5,79.2,399605,16.2,30.1
2010,Cyprus,Females,70,55.6,83.9,419535,12.2,53.7
2010,Latvia,Total,56,61.2,73.1,2120504,25.6,23.5
2010,Latvia,Males,58.1,68.2,67.9,970931,26.7,14.7
2010,Latvia,Females,53.8,54,78,1149573,24.5,32.6
2010,Lithuania,Total,50.7,60.5,73.3,3141976,19.6,30
2010,Lithuania,Males,49.9,67,67.6,1450199,23.7,23.2
2010,Lithuania,Females,51.5,54.4,78.9,1691777,15.4,37.1
2010,Luxembourg,Total,60.5,59.8,80.8,502066,0.8,27.8
2010,Luxembourg,Males,63.9,70.3,77.9,249406,0.3,25.9
2010,Luxembourg,Females,57.3,50.2,83.5,25266,1.2,29.6
2010,Hungary,Total,50.1,71.4,74.7,10014324,23.4,16.8
2010,Hungary,Males,55.6,79.4,70.7,4756900,22.6,13.4
2010,Hungary,Females,44.5,63,78.6,5257424,24.2,20.3
2010,Malta,Total,73.4,79.6,81.5,414027,6.3,23.4
2010,Malta,Males,79.1,85.1,79.3,206203,6.1,19.3
2010,Malta,Females,67.4,73.7,83.6,207824,6.4,27.8
2010,Netherlands,Total,78.7,37.7,81,16574989,1.9,27.8
2010,Netherlands,Males,79.8,46.6,78.9,8203476,2,24.3
2010,Netherlands,Females,77.7,28.7,83,8371513,1.7,31.2
2010,Austria,Total,73.5,51.9,80.7,8351643,4.9,11.9
2010,Austria,Males,76.4,60.6,77.8,4066201,3.3,9.6
2010,Austria,Females,70.7,43,83.5,4285442,6.4,14.2
2010,Poland,Total,59.9,67.3,76.4,38022869,14.2,26.7
2010,Poland,Males,66.7,75,72.2,18412237,14.6,19.9
2010,Poland,Females,52.8,59.9,80.7,19610632,13.8,33.8
2010,Portugal,Total,61.8,74.2,80.1,10573479,7.6,19.8
2010,Portugal,Males,64.3,80.1,76.8,5063745,8.5,14.3
2010,Portugal,Females,59.3,68.1,83.2,5509734,6.6,25.3
2010,Romania,Total,54,70.5,73.7,20294683,29.8,15.2
2010,Romania,Males,60.4,80.7,70,9880409,31.3,13.7
2010,Romania,Females,47.2,59.5,77.7,10414274,28.2,16.8
2010,Slovenia,Total,63,76.1,79.8,2046976,5.7,16.9
2010,Slovenia,Males,65.9,83.3,76.4,1014107,6.2,10.8
2010,Slovenia,Females,59.7,68.4,83.1,1032869,5.2,23.6
2010,Slovakia,Total,52.9,81.9,75.6,5390410,11.6,19
2010,Slovakia,Males,59.9,86.5,71.8,2623546,11.1,14
2010,Slovakia,Females,45.7,76.5,79.3,2766864,12.1,24.2
2010,Finland,Total,67,15.7,80.2,5351427,3.7,19
2010,Finland,Males,69.3,22.6,76.9,2625067,2.7,13.5
2010,Finland,Females,64.5,8.5,83.5,2726360,4.6,24.9
2010,Sweden,Total,66.6,21.2,81.6,9340682,2.3,25.4
2010,Sweden,Males,69.1,26.4,79.6,4649014,1.9,21
2010,Sweden,Females,64,15.8,83.6,4691668,2.7,30.1
2010,United Kingdom,Total,70.7,41.8,80.6,62510197,5.9,33
2010,United Kingdom,Males,75.4,49.7,78.6,30668969,4.6,30.4
2010,United Kingdom,Females,66.2,34.2,82.6,31841228,7.2,35.6
2010,Iceland,Total,69.4,34.9,81.9,31763,2.2,17.2
2010,Iceland,Males,71.6,41.3,79.8,159936,1.5,12.7
2010,Iceland,Females,67.1,28.4,84.1,157694,3,21.9
2010,Norway,Total,72.9,15.4,81.2,4858199,3.7,26.7
2010,Norway,Males,74.2,18,79,2426752,3.8,21.4
2010,Norway,Females,71.6,12.8,83.3,2431447,3.6,32.2
2010,Switzerland,Total,78,54.1,82.7,7785806,2.3,21.3
2010,Switzerland,Males,80.3,63.3,80.3,3830566,2.8,21
2010,Switzerland,Females,75.6,44.5,84.9,3955240,1.7,21.7
2011,Belgium,Total,60.5,48.4,80.7,11000638,5.4,32.5
2011,Belgium,Males,64.1,53.7,78,5401718,6.2,26.7
2011,Belgium,Females,57,43,83.3,5598920,4.6,38.3
2011,Bulgaria,Total,50.5,73.4,74.2,7369431,41.3,16.4
2011,Bulgaria,Males,55.2,85.2,70.7,3588926,42.3,11.5
2011,Bulgaria,Females,45.4,61,77.8,3780505,40.2,21.7
2011,Czech Republic,Total,58.2,63.8,78,10486731,4.8,17.6
2011,Czech Republic,Males,68,71.7,74.8,5147231,4.5,14.3
2011,Czech Republic,Females,47.9,55.1,81.1,5339500,5.2,21.1
2011,Denmark,Total,69.7,14,79.9,5560628,4.1,20.3
2011,Denmark,Males,71.8,18.5,77.8,2756582,2.5,15.4
2011,Denmark,Females,67.7,9.2,81.9,2804046,5.8,25.4
2011,Germany (until 1990 former territory of the FRG),Total,71.4,49.9,80.6,80222065,5.9,15.3
2011,Germany (until 1990 former territory of the FRG),Males,73.7,59.1,77.9,39124600,5.1,12.7
2011,Germany (until 1990 former territory of the FRG),Females,69,40.5,83.1,41097465,6.6,17.9
2011,Estonia,Total,61.5,48,76.6,1329660,8.3,25.4
2011,Estonia,Males,66,54.8,71.4,6197,9.6,18.7
2011,Estonia,Females,56.8,41.1,81.3,70996,7,32.3
2011,Ireland,Total,58,55.1,80.9,4570881,10.5,35.5
2011,Ireland,Males,56.1,60.1,78.6,2269426,12.2,29.2
2011,Ireland,Females,59.8,49.8,83,2301455,8.6,41.6
2011,Greece,Total,46.4,71.2,80.8,11123392,19.8,24.7
2011,Greece,Males,53,82,78,5453444,18.6,18.5
2011,Greece,Females,39.6,60.2,83.6,5669948,21,31
2011,Spain,Total,51.7,67.9,82.6,46667174,5.6,31.1
2011,Spain,Males,52.1,73.3,79.5,23049480,5.1,25
2011,Spain,Females,51.2,62.2,85.6,23617694,6.2,37.3
2011,France,Total,62.3,35.9,82.3,64978721,6.1,33.9
2011,France,Males,66.9,43.2,78.7,31462902,5.5,30.4
2011,France,Females,57.9,28.8,85.7,33515819,6.6,37.4
2011,Italy,Total,46.7,75.2,82.4,59364690,12.8,14.4
2011,Italy,Males,53.6,81.2,79.7,28715256,13.4,11
2011,Italy,Females,39.8,69.1,84.8,30649434,12.2,17.8
2011,Cyprus,Total,67.4,66,81.2,839751,12.9,43.6
2011,Cyprus,Males,67.8,75.1,79.3,408758,13.7,32.2
2011,Cyprus,Females,66.9,57.1,83.1,430993,12,54.4
2011,Latvia,Total,57.6,61.7,73.9,2074605,30.9,23.5
2011,Latvia,Males,62.3,67.9,68.6,947939,32.3,15.3
2011,Latvia,Females,52.7,55.1,78.8,1126666,29.5,31.8
2011,Lithuania,Total,52.2,62,73.7,3052588,17.7,30
2011,Lithuania,Males,54.1,69.4,68.1,1407223,20.2,24.1
2011,Lithuania,Females,50.3,54.1,79.3,1645365,15,36.1
2011,Luxembourg,Total,59.1,61.2,81.1,51184,2.3,29.8
2011,Luxembourg,Males,61.7,69.5,78.5,254619,2.8,25.1
2011,Luxembourg,Females,56.4,52.8,83.6,257221,1.9,34.5
2011,Hungary,Total,50.2,72.2,75.1,9985722,25.4,17.9
2011,Hungary,Males,55.9,80,71.2,4743901,24.8,13.6
2011,Hungary,Females,44.2,64.2,78.7,5241821,26,22.3
2011,Malta,Total,74,79.3,80.9,414989,6.8,24.6
2011,Malta,Males,78.9,85.7,78.6,206405,6,19.5
2011,Malta,Females,68.9,72.6,83,208584,7.5,29.8
2011,Netherlands,Total,77.5,38,81.3,16655799,2.1,27.8
2011,Netherlands,Males,78.7,46.3,79.4,8243482,2.2,24.1
2011,Netherlands,Females,76.3,29.5,83.1,8412317,2.1,31.6
2011,Austria,Total,74.8,50.9,81.1,8375164,3.3,12.1
2011,Austria,Males,78.2,60.1,78.3,4078871,2.7,10
2011,Austria,Females,71.5,41.4,83.8,4296293,4,14
2011,Poland,Total,59.1,68.7,76.8,38062718,11.9,28.3
2011,Poland,Males,66.8,75.1,72.5,18429700,12.4,21.1
2011,Poland,Females,50.9,62.2,81.1,19633018,11.4,35.9
2011,Portugal,Total,60.8,72.3,80.7,10572721,7.6,21.6
2011,Portugal,Males,63.5,78.2,77.3,5053543,5.6,15.5
2011,Portugal,Females,58.1,66.1,83.8,5519178,9.6,27.7
2011,Romania,Total,53.3,71.9,74.4,20199059,31.2,16.7
2011,Romania,Males,58.7,81.9,70.8,9832949,31.3,14.6
2011,Romania,Females,47.5,60.6,78.2,10366110,31.1,19
2011,Slovenia,Total,60.9,76.1,80.1,2050189,6.2,18.1
2011,Slovenia,Males,63.9,82.7,76.8,1014563,6.8,10.9
2011,Slovenia,Females,57.6,68.7,83.3,1035626,5.6,26.1
2011,Slovakia,Total,52,85.4,76.1,5392446,10.4,20.9
2011,Slovakia,Males,60.8,89.2,72.3,2625173,10.8,15.9
2011,Slovakia,Females,42.9,80.7,79.8,2767273,9.8,26.1
2011,Finland,Total,67.8,16.5,80.6,5375276,3.7,18.9
2011,Finland,Males,70.3,23.4,77.3,2638416,3.4,13.8
2011,Finland,Females,65.2,9.3,83.8,2736860,4,24.3
2011,Sweden,Total,68.4,22.6,81.9,9415570,1.6,25.1
2011,Sweden,Males,70.8,28,79.9,4690244,2.2,20.4
2011,Sweden,Females,66,17.3,83.8,4725326,1.1,30.1
2011,United Kingdom,Total,69.9,41.6,81,63022532,7.4,34
2011,United Kingdom,Males,74.4,49.4,79,30951490,6.4,32
2011,United Kingdom,Females,65.3,34.4,83,32071042,8.2,36
2011,Iceland,Total,71.1,36.6,82.4,318452,3.2,18.1
2011,Iceland,Males,72.5,41.9,80.7,160006,3.1,13.6
2011,Iceland,Females,69.7,31,84.1,158446,3.4,22.8
2011,Norway,Total,72.9,17.4,81.4,4920305,5.2,27.5
2011,Norway,Males,74.4,22.2,79.1,2460849,5.5,21.6
2011,Norway,Females,71.4,12.5,83.6,2459456,5,33.6
2011,Switzerland,Total,79,51.6,82.8,7870134,1.8,22.1
2011,Switzerland,Males,80.5,60,80.5,3877426,2.8,20.7
2011,Switzerland,Females,77.4,42.8,85,3992708,0.9,23.6
2012,Belgium,Total,59.4,52.1,80.5,11075889,7.5,33.5
2012,Belgium,Males,63.3,60.5,77.8,5440288,7.7,27.5
2012,Belgium,Females,55.6,43.5,83.1,5635601,7.4,39.6
2012,Bulgaria,Total,49.9,71.7,74.4,7327224,41.2,17.6
2012,Bulgaria,Males,55.1,81.9,70.9,3566767,40,13.5
2012,Bulgaria,Females,44.3,61,77.9,3760457,42.5,21.8
2012,Czech Republic,Total,57.8,64.7,78.1,10505445,6,20.4
2012,Czech Republic,Males,67,72.3,75.1,5158210,5.9,15.9
2012,Czech Republic,Females,48.2,56.4,81.2,5347235,6.1,25.1
2012,Denmark,Total,67.5,13.5,80.2,5580516,5.3,21.1
2012,Denmark,Males,70,17,78.1,2766776,4.2,16.5
2012,Denmark,Females,65,10,82.1,2813740,6.4,26
2012,Germany (until 1990 former territory of the FRG),Total,71,51.2,80.7,80327900,5.4,16.5
2012,Germany (until 1990 former territory of the FRG),Males,73.5,61,78.1,39229947,4.9,13.6
2012,Germany (until 1990 former territory of the FRG),Females,68.3,40.7,83.1,41097953,6,19.5
2012,Estonia,Total,61.8,44.8,76.7,1325217,8.5,27
2012,Estonia,Males,68,52.3,71.4,618138,9.4,19
2012,Estonia,Females,55.5,37.3,81.5,707079,7.6,35.2
2012,Ireland,Total,57.9,51.6,80.9,4582707,14,36.8
2012,Ireland,Males,56.2,57.9,78.7,2269789,12.8,31.3
2012,Ireland,Females,59.6,45.7,83.1,2312918,15.2,42.1
2012,Greece,Total,40.2,73.3,80.7,11086406,25.9,26.3
2012,Greece,Males,45.1,82.3,78,5423884,26.9,20.7
2012,Greece,Females,35.3,63.8,83.4,5662522,24.9,32.1
2012,Spain,Total,46.9,69.6,82.5,46818219,7.8,31.2
2012,Spain,Males,46.9,73.8,79.5,23099012,8.5,25.9
2012,Spain,Females,46.8,65.3,85.5,23719207,7.1,36.7
2012,France,Total,61.1,36.6,82.1,65276983,6.7,34.3
2012,France,Males,65.1,43,78.7,31605383,6.4,31
2012,France,Females,57.1,30.2,85.4,33671600,6.9,37.6
2012,Italy,Total,45.1,76.7,82.4,59394207,17,15.2
2012,Italy,Males,51.6,82.7,79.8,28726599,17.5,11.3
2012,Italy,Females,38.5,70.3,84.8,30667608,16.6,19.1
2012,Cyprus,Total,63.3,64.3,81.1,862011,18.1,45.1
2012,Cyprus,Males,65.2,70.8,78.9,418993,18.6,34.8
2012,Cyprus,Females,61.4,57.8,83.4,443018,17.6,54.8
2012,Latvia,Total,60.8,59.6,74.1,2044813,21.6,26.5
2012,Latvia,Males,65.6,66.3,68.9,934812,21,17.5
2012,Latvia,Females,55.9,52.6,78.9,1110001,22.2,35.8
2012,Lithuania,Total,55.7,65.8,74.1,3003641,20.6,30
2012,Lithuania,Males,57.4,72.4,68.4,1383511,23.8,23.3
2012,Lithuania,Females,53.9,58.8,79.6,1620130,17.3,37.1
2012,Luxembourg,Total,59.5,61.5,81.5,524853,1.4,32.8
2012,Luxembourg,Males,62,70.6,79.1,26182,1.5,28.4
2012,Luxembourg,Females,57,52.2,83.8,263033,1.3,37.3
2012,Hungary,Total,50.4,74.7,75.3,9931925,27.5,19.8
2012,Hungary,Males,55,81.2,71.6,4724666,26.8,15.4
2012,Hungary,Females,45.6,68,78.7,5207259,28.2,24.3
2012,Malta,Total,73.8,75.3,80.9,417546,8.3,25.9
2012,Malta,Males,79.1,80.3,78.6,207695,8.2,21.2
2012,Malta,Females,68.3,70,83,209851,8.3,30.8
2012,Netherlands,Total,76.8,39.2,81.2,16730348,2.1,28.7
2012,Netherlands,Males,77.7,48.6,79.3,8282871,1.5,24.5
2012,Netherlands,Females,75.9,29.8,83,8447477,2.7,33
2012,Austria,Total,74.9,49.9,81.1,8408121,4.6,13
2012,Austria,Males,77.5,60.2,78.4,4098144,5.1,10.2
2012,Austria,Females,72.2,39.1,83.6,4309977,4,15.8
2012,Poland,Total,58.6,69.6,76.9,38063792,12.7,29.4
2012,Poland,Males,66.3,75.5,72.6,18427296,13.3,21.5
2012,Poland,Females,50.3,63.5,81.1,19636496,12.2,37.7
2012,Portugal,Total,56.1,72.4,80.6,10542398,8.3,23.2
2012,Portugal,Males,57.7,77.8,77.3,5030437,8,17
2012,Portugal,Females,54.5,67.2,83.6,5511961,8.7,29.5
2012,Romania,Total,53.6,72.6,74.4,20095996,33.5,17.6
2012,Romania,Males,59.1,83.7,70.9,9777107,34.2,15.1
2012,Romania,Females,47.8,62.4,78.1,10318889,32.7,20.3
2012,Slovenia,Total,58.5,74.8,80.3,2055496,6.9,20.2
2012,Slovenia,Males,61.8,80.7,77.1,1016731,8.1,13.2
2012,Slovenia,Females,55,68.2,83.3,1038765,5.6,27.7
2012,Slovakia,Total,52.2,85.1,76.3,5404322,10.2,23.3
2012,Slovakia,Males,61.1,89.4,72.5,2631752,10.6,18
2012,Slovakia,Females,43,80,79.9,2772570,9.8,28.8
2012,Finland,Total,67.8,16.9,80.7,5401267,4.2,19.3
2012,Finland,Males,70.3,23.8,77.7,2652534,4.3,13.4
2012,Finland,Females,65.3,9.6,83.7,2748733,4.1,25.4
2012,Sweden,Total,67.2,22.7,81.8,9482855,1.5,26.4
2012,Sweden,Males,68.9,27.7,79.9,4726834,1.8,21.7
2012,Sweden,Females,65.5,17.3,83.6,4756021,1.3,31.3
2012,United Kingdom,Total,69.7,38.3,81,63495303,11.6,34.8
2012,United Kingdom,Males,74.2,44,79.1,31206341,11.3,33.2
2012,United Kingdom,Females,65.3,32.7,82.8,32288962,11.9,36.3
2012,Iceland,Total,73,37.4,83,319575,2.5,17.7
2012,Iceland,Males,74.4,43,81.6,160364,2.4,13.2
2012,Iceland,Females,71.4,31.7,84.3,159211,2.7,22.5
2012,Norway,Total,73.3,20.2,81.5,4985870,4.1,28
2012,Norway,Males,74.5,25.1,79.5,2498871,4.2,20.8
2012,Norway,Females,72.1,15,83.5,2486999,4,35.5
2012,Switzerland,Total,78.5,53.6,82.8,7954662,1.2,23.4
2012,Switzerland,Males,80.2,59.5,80.6,3922253,1.2,21.9
2012,Switzerland,Females,76.7,47.6,84.9,4032409,1.3,25.1
2013,Belgium,Total,57.9,53.2,80.7,11137974,7.2,34.2
2013,Belgium,Males,61.1,60,78.1,5472856,7.6,28.1
2013,Belgium,Females,54.6,46.7,83.2,5665118,6.8,40.2
2013,Bulgaria,Total,48.5,69.3,74.9,7284552,40.7,19.2
2013,Bulgaria,Males,53.5,79,71.3,3545073,41.9,14.7
2013,Bulgaria,Females,43.2,59.2,78.6,3739479,39.4,23.9
2013,Czech Republic,Total,59.1,65,78.3,10516125,7.7,21.7
2013,Czech Republic,Males,67.8,72.6,75.2,5164349,7.3,16.6
2013,Czech Republic,Females,50.1,56.8,81.3,5351776,8.1,27.1
2013,Denmark,Total,67.7,10.3,80.4,5602628,7.5,22.2
2013,Denmark,Males,70,12.7,78.3,2778852,5.1,17
2013,Denmark,Females,65.2,8,82.4,2823776,9.9,27.8
2013,Germany (until 1990 former territory of the FRG),Total,71.2,50.1,80.8,80523746,6.6,17.1
2013,Germany (until 1990 former territory of the FRG),Males,73.4,60.1,78.4,39380976,6,14.3
2013,Germany (until 1990 former territory of the FRG),Females,68.9,39.4,83.1,41142770,7.1,19.9
2013,Estonia,Total,62.9,46.3,77.5,1320174,7.4,26.8
2013,Estonia,Males,68.9,50.3,72.8,616167,8.5,18.4
2013,Estonia,Females,56.7,42.2,81.7,704007,6.2,35.4
2013,Ireland,Total,59.7,57,81.1,4591087,12.8,38.8
2013,Ireland,Males,59.3,63.5,79,2272790,11.7,32.9
2013,Ireland,Females,60.2,50.8,83.1,2318297,13.8,44.5
2013,Greece,Total,36.7,71.5,81.4,11003615,27.6,27.4
2013,Greece,Males,41.4,79.8,78.7,5366251,28.1,22.2
2013,Greece,Females,31.9,63.1,84,5637364,27.1,32.9
2013,Spain,Total,44.6,69.6,83.2,46727890,7.3,31.5
2013,Spain,Males,45.1,74.3,80.2,23017760,6.9,26.4
2013,Spain,Females,44.2,64.8,86.1,23710130,7.8,36.6
2013,France,Total,60.9,36.9,82.4,65600350,5.7,36.5
2013,France,Males,64.8,43.2,79,31772665,5.6,32.6
2013,France,Females,57.1,30.9,85.6,33827685,5.9,40.2
2013,Italy,Total,41,78,82.9,59685227,13.8,15.4
2013,Italy,Males,46.4,83.4,80.3,28889597,14,11.5
2013,Italy,Females,35.5,72.5,85.2,30795630,13.7,19.4
2013,Cyprus,Total,58.3,68.4,82.5,865878,18,45.4
2013,Cyprus,Males,58.3,76.6,80.1,421036,18.3,32.3
2013,Cyprus,Females,58.3,60.2,85,444842,17.7,57.7
2013,Latvia,Total,62.2,58.7,74.3,2023825,18.8,27.7
2013,Latvia,Males,66.7,67.1,69.3,92658,19.7,18.6
2013,Latvia,Females,57.6,49.5,78.9,1097245,17.8,37.2
2013,Lithuania,Total,58.4,59,74.1,2971905,12.9,30.9
2013,Lithuania,Males,62.1,67,68.5,1368891,11.9,26.2
2013,Lithuania,Females,54.6,50.4,79.6,1603014,14,35.9
2013,Luxembourg,Total,57.5,57.5,81.9,537039,1.7,31.6
2013,Luxembourg,Males,60.1,65,79.8,268412,1.2,24.8
2013,Luxembourg,Females,54.8,49.8,83.9,268627,2.1,38.5
2013,Hungary,Total,52.2,75.3,75.8,9908798,30.5,19.2
2013,Hungary,Males,58.4,83.3,72.2,4715953,30.3,15
2013,Hungary,Females,45.9,67.1,79.1,5192845,30.6,23.6
2013,Malta,Total,76,76,81.9,421364,10.4,25.8
2013,Malta,Males,79.5,82.6,79.6,20988,10.8,20.7
2013,Malta,Females,72.3,69.1,84,211484,10,31.2
2013,Netherlands,Total,75.3,39.2,81.4,16779575,3.4,29.9
2013,Netherlands,Males,75.9,46.4,79.5,8307339,3.2,25.6
2013,Netherlands,Females,74.8,32,83.2,8472236,3.7,34.3
2013,Austria,Total,74.5,52.7,81.3,8451860,4.8,15
2013,Austria,Males,76.3,62.1,78.6,4123622,4.8,12.4
2013,Austria,Females,72.7,41.8,83.8,4328238,4.8,17.6
2013,Poland,Total,58.1,69.9,77.1,38062535,12.6,29.7
2013,Poland,Males,65.7,77.6,73,18426093,12.6,22
2013,Poland,Females,50,62,81.2,19636442,12.5,37.9
2013,Portugal,Total,52.9,71.6,80.9,10487289,11.5,23.8
2013,Portugal,Males,54.3,76.6,77.6,4995697,11.7,16.2
2013,Portugal,Females,51.5,66.6,84,5491592,11.3,31.4
2013,Romania,Total,53.8,71.8,75.1,20020074,31.9,18.3
2013,Romania,Males,59.9,83.6,71.6,9761480,34.7,15.7
2013,Romania,Females,47.3,59.2,78.7,10258594,28.9,21.1
2013,Slovenia,Total,56.2,74,80.5,2058821,6.4,22.8
2013,Slovenia,Males,60.3,80.8,77.2,1019061,6.8,16.5
2013,Slovenia,Females,51.7,66.8,83.6,1039760,5.9,29.5
2013,Slovakia,Total,51.9,84.2,76.6,5410836,9.2,24.1
2013,Slovakia,Males,59.7,89.8,72.9,2635979,9.5,18.7
2013,Slovakia,Females,43.7,77.9,80.1,2774857,8.9,29.7
2013,Finland,Total,66.9,16.9,81.1,5426674,4,19.8
2013,Finland,Males,68.6,24.4,78,2666622,5.1,13.8
2013,Finland,Females,65,9.1,84.1,2760052,2.8,26.2
2013,Sweden,Total,67.9,22.9,82,9555893,2.6,28.4
2013,Sweden,Males,69.7,27.7,80.2,4765905,2,23.6
2013,Sweden,Females,66,17.6,83.8,4789988,3.3,33.6
2013,United Kingdom,Total,70.7,38.3,81.1,63905297,11.5,35.1
2013,United Kingdom,Males,74.8,46.6,79.2,31424126,11.2,33.1
2013,United Kingdom,Females,66.6,29.9,82.9,32481171,11.8,37.1
2013,Iceland,Total,76.9,37.8,82.1,321857,2.7,18.9
2013,Iceland,Males,77.6,43.6,80.5,161438,2.8,15
2013,Iceland,Females,76.1,31.8,83.7,160419,2.5,23.1
2013,Norway,Total,73,17.2,81.8,5051275,4.3,29.4
2013,Norway,Males,73.8,19,79.8,2535908,4.7,22.2
2013,Norway,Females,72.1,15.2,83.8,2515367,3.8,37
2013,Switzerland,Total,77.7,56.5,82.9,8039060,0.7,25.2
2013,Switzerland,Males,78.7,62.3,80.7,3968524,0.9,24.1
2013,Switzerland,Females,76.6,50.7,85,4070536,0.5,26.5